{
    "1": {
        "train_accuracy": 93.46050301466211,
        "train_loss": 1.02361687819163,
        "train_IoU": 53.02139435545728,
        "train_epoch_time": 100.30486059188843,
        "val_accuracy": 97.14474759477311,
        "val_loss": 0.9643666664759318,
        "val_IoU": 52.688427569531314,
        "val_epoch_time": 13.345266580581665
    }
}